emp_id,email,emp_name,designation
JMD001,harsha@jmangroup.com,Harsha,SOFTWARE_ENGINEER
JMD002,pardhu@jmangroup.com,pardhu,SR_SOFTWARE_ENGINEER
JMD003,akhil@jmangroup.com,Akhil,SOLUTION_ENABLER
JMD100,JMD100@jmangroup.com,Mattie Koepp,TECHNOLOGY_SOLUTION_ARCHITECT
JMD101,JMD101@jmangroup.com,Terry Fritsch,PRINCIPAL_SOLUTION_ARCHITECT
JMD102,JMD102@jmangroup.com,Matthew Altenwerth,SOFTWARE_ENGINEER
JMD103,JMD103@jmangroup.com,Tabitha McLaughlin,SR_SOFTWARE_ENGINEER
JMD104,JMD104@jmangroup.com,Morris Emmerich,SOLUTION_ENABLER
JMD105,JMD105@jmangroup.com,Geneva Gislason,SOLUTION_CONSULTANT
JMD106,JMD106@jmangroup.com,Rufus Jacobson-Beahan,TECHNOLOGY_SOLUTION_ARCHITECT
JMD107,JMD107@jmangroup.com,Melba Braun II,PRINCIPAL_SOLUTION_ARCHITECT
JMD108,JMD108@jmangroup.com,Alan Moore,SOFTWARE_ENGINEER
JMD109,JMD109@jmangroup.com,Yvonne Mueller MD,SR_SOFTWARE_ENGINEER
JMD110,JMD110@jmangroup.com,Mrs. Alexis Lueilwitz,SOLUTION_ENABLER
JMD111,JMD111@jmangroup.com,Jeremiah Funk Jr.,SOLUTION_CONSULTANT
JMD112,JMD112@jmangroup.com,Esther Becker II,TECHNOLOGY_SOLUTION_ARCHITECT
JMD113,JMD113@jmangroup.com,Dean Hills,PRINCIPAL_SOLUTION_ARCHITECT
JMD114,JMD114@jmangroup.com,Jesus Baumbach,SOFTWARE_ENGINEER
JMD115,JMD115@jmangroup.com,Nicole Kuhic-Douglas I,SR_SOFTWARE_ENGINEER
JMD116,JMD116@jmangroup.com,Adrian Lindgren,SOLUTION_ENABLER
JMD117,JMD117@jmangroup.com,Ira Kutch,SOLUTION_CONSULTANT
JMD118,JMD118@jmangroup.com,Opal Miller DVM,TECHNOLOGY_SOLUTION_ARCHITECT
JMD119,JMD119@jmangroup.com,Hattie Boyle,PRINCIPAL_SOLUTION_ARCHITECT
JMD120,JMD120@jmangroup.com,Hannah Larson PhD,SOFTWARE_ENGINEER
JMD121,JMD121@jmangroup.com,Mary Rutherford I,SR_SOFTWARE_ENGINEER
JMD122,JMD122@jmangroup.com,Dr. Darin Flatley,SOLUTION_ENABLER
JMD123,JMD123@jmangroup.com,Lloyd Howell,SOLUTION_CONSULTANT
JMD124,JMD124@jmangroup.com,Cassandra Hermiston,TECHNOLOGY_SOLUTION_ARCHITECT
JMD125,JMD125@jmangroup.com,Karl Sauer,PRINCIPAL_SOLUTION_ARCHITECT
JMD126,JMD126@jmangroup.com,Miss Carla Gibson,SOFTWARE_ENGINEER
JMD127,JMD127@jmangroup.com,Dr. Peter Thiel,SR_SOFTWARE_ENGINEER
JMD128,JMD128@jmangroup.com,Noel Harvey,SOLUTION_ENABLER
JMD129,JMD129@jmangroup.com,Dr. Antonio Waters,SOLUTION_CONSULTANT
JMD130,JMD130@jmangroup.com,Jo Wunsch,TECHNOLOGY_SOLUTION_ARCHITECT
JMD131,JMD131@jmangroup.com,Dr. Joan Carroll,PRINCIPAL_SOLUTION_ARCHITECT
JMD132,JMD132@jmangroup.com,Loretta Schmeler-Pollich,SOFTWARE_ENGINEER
JMD133,JMD133@jmangroup.com,Evan Marvin,SR_SOFTWARE_ENGINEER
JMD134,JMD134@jmangroup.com,Mack Vandervort,SOLUTION_ENABLER
JMD135,JMD135@jmangroup.com,George Bernhard Sr.,SOLUTION_CONSULTANT
JMD136,JMD136@jmangroup.com,Ella Padberg,TECHNOLOGY_SOLUTION_ARCHITECT
JMD137,JMD137@jmangroup.com,Brittany Heathcote,PRINCIPAL_SOLUTION_ARCHITECT
JMD138,JMD138@jmangroup.com,Inez Towne,SOFTWARE_ENGINEER
JMD139,JMD139@jmangroup.com,Lois Murray-Stanton,SR_SOFTWARE_ENGINEER
JMD140,JMD140@jmangroup.com,Beverly Hauck,SOLUTION_ENABLER
JMD141,JMD141@jmangroup.com,Sabrina Bednar,SOLUTION_CONSULTANT
JMD142,JMD142@jmangroup.com,Tracy Nader,TECHNOLOGY_SOLUTION_ARCHITECT
JMD143,JMD143@jmangroup.com,Theodore Dickens,PRINCIPAL_SOLUTION_ARCHITECT
JMD144,JMD144@jmangroup.com,Betty Koelpin,SOFTWARE_ENGINEER
JMD145,JMD145@jmangroup.com,Stephanie Hammes,SR_SOFTWARE_ENGINEER
JMD146,JMD146@jmangroup.com,Phyllis Sauer,SOLUTION_ENABLER
JMD147,JMD147@jmangroup.com,Leona Krajcik,SOLUTION_CONSULTANT
JMD148,JMD148@jmangroup.com,Rene Keebler,TECHNOLOGY_SOLUTION_ARCHITECT
JMD149,JMD149@jmangroup.com,Dr. Fernando Lynch,PRINCIPAL_SOLUTION_ARCHITECT
JMD150,JMD150@jmangroup.com,Dr. William Bode,SOFTWARE_ENGINEER
JMD151,JMD151@jmangroup.com,Marilyn Stokes,SR_SOFTWARE_ENGINEER
JMD152,JMD152@jmangroup.com,Patty Wolff,SOLUTION_ENABLER
JMD153,JMD153@jmangroup.com,Amelia Klein,SOLUTION_CONSULTANT
JMD154,JMD154@jmangroup.com,Lois Fritsch,TECHNOLOGY_SOLUTION_ARCHITECT
JMD155,JMD155@jmangroup.com,John Jacobson-Braun,PRINCIPAL_SOLUTION_ARCHITECT
JMD156,JMD156@jmangroup.com,Jeremiah Hickle,SOFTWARE_ENGINEER
JMD157,JMD157@jmangroup.com,Oscar Von,SR_SOFTWARE_ENGINEER
JMD158,JMD158@jmangroup.com,Dr. Joan Keebler,SOLUTION_ENABLER
JMD159,JMD159@jmangroup.com,Hilda Denesik,SOLUTION_CONSULTANT
JMD160,JMD160@jmangroup.com,Arnold Pouros,TECHNOLOGY_SOLUTION_ARCHITECT
JMD161,JMD161@jmangroup.com,Amber Zemlak,PRINCIPAL_SOLUTION_ARCHITECT
JMD162,JMD162@jmangroup.com,Wayne Bashirian,SOFTWARE_ENGINEER
JMD163,JMD163@jmangroup.com,Emily Prohaska,SR_SOFTWARE_ENGINEER
JMD164,JMD164@jmangroup.com,Lindsey Grimes MD,SOLUTION_ENABLER
JMD165,JMD165@jmangroup.com,Alton Orn,SOLUTION_CONSULTANT
JMD166,JMD166@jmangroup.com,James Bechtelar,TECHNOLOGY_SOLUTION_ARCHITECT
JMD167,JMD167@jmangroup.com,Dianna Moen,PRINCIPAL_SOLUTION_ARCHITECT
JMD168,JMD168@jmangroup.com,Neil Marks,SOFTWARE_ENGINEER
JMD169,JMD169@jmangroup.com,Casey Jaskolski,SR_SOFTWARE_ENGINEER
JMD170,JMD170@jmangroup.com,Andres Witting,SOLUTION_ENABLER
JMD171,JMD171@jmangroup.com,Tami Fadel,SOLUTION_CONSULTANT
JMD172,JMD172@jmangroup.com,Lela Rolfson-Toy III,TECHNOLOGY_SOLUTION_ARCHITECT
JMD173,JMD173@jmangroup.com,Alexander Shields-Klocko,PRINCIPAL_SOLUTION_ARCHITECT
JMD174,JMD174@jmangroup.com,Harvey Roberts,SOFTWARE_ENGINEER
JMD175,JMD175@jmangroup.com,Brett Stiedemann DDS,SR_SOFTWARE_ENGINEER
JMD176,JMD176@jmangroup.com,Tomas Paucek,SOLUTION_ENABLER
JMD177,JMD177@jmangroup.com,Dr. Marlene Ratke,SOLUTION_CONSULTANT
JMD178,JMD178@jmangroup.com,Rosalie Ledner,TECHNOLOGY_SOLUTION_ARCHITECT
JMD179,JMD179@jmangroup.com,Shelly Keeling,PRINCIPAL_SOLUTION_ARCHITECT
JMD180,JMD180@jmangroup.com,Juana Nicolas,SOFTWARE_ENGINEER
JMD181,JMD181@jmangroup.com,Merle Schroeder,SR_SOFTWARE_ENGINEER
JMD182,JMD182@jmangroup.com,Alan Schulist,SOLUTION_ENABLER
JMD183,JMD183@jmangroup.com,George Crist,SOLUTION_CONSULTANT
JMD184,JMD184@jmangroup.com,Jeffery Lynch,TECHNOLOGY_SOLUTION_ARCHITECT
JMD185,JMD185@jmangroup.com,Nick Renner,PRINCIPAL_SOLUTION_ARCHITECT
JMD186,JMD186@jmangroup.com,Ira McDermott,SOFTWARE_ENGINEER
JMD187,JMD187@jmangroup.com,Christopher Cartwright,SR_SOFTWARE_ENGINEER
JMD188,JMD188@jmangroup.com,Percy Beatty Jr.,SOLUTION_ENABLER
JMD189,JMD189@jmangroup.com,Johnathan Zieme,SOLUTION_CONSULTANT
JMD190,JMD190@jmangroup.com,Jackie Marks,TECHNOLOGY_SOLUTION_ARCHITECT
JMD191,JMD191@jmangroup.com,Jan Volkman-Wuckert,PRINCIPAL_SOLUTION_ARCHITECT
JMD192,JMD192@jmangroup.com,Maria Medhurst,SOFTWARE_ENGINEER
JMD193,JMD193@jmangroup.com,Velma Stark,SR_SOFTWARE_ENGINEER
JMD194,JMD194@jmangroup.com,Jorge Funk,SOLUTION_ENABLER
JMD195,JMD195@jmangroup.com,Lonnie Connelly,SOLUTION_CONSULTANT
JMD196,JMD196@jmangroup.com,Marcos Donnelly,TECHNOLOGY_SOLUTION_ARCHITECT
JMD197,JMD197@jmangroup.com,Noel Jaskolski,PRINCIPAL_SOLUTION_ARCHITECT
JMD198,JMD198@jmangroup.com,Johanna Rolfson Jr.,SOFTWARE_ENGINEER
JMD199,JMD199@jmangroup.com,Gloria Romaguera,SR_SOFTWARE_ENGINEER
